time,position,velocity,acceleration,kinetic_energy
0.0,0.0,0.99019,-0.09810000000000096,0.09804762361000001
0.1,0.099019,0.9803799999999998,-0.09810000000000092,0.09611449443999998
0.2,0.197057,0.9705699999999997,-0.09809999999999544,0.09420061248999995
0.30000000000000004,0.294114,0.96076,-0.09810000000000099,0.09230597775999999
0.4,0.39019,0.95095,-0.09810000000000643,0.09043059025
0.5,0.485285,0.9411399999999993,-0.09810000000000099,0.08857444995999987
0.6000000000000001,0.579399,0.9313299999999992,-0.0980999999999899,0.08673755688999986
0.7000000000000001,0.6725319999999999,0.9215200000000003,-0.09810000000000099,0.08491991104000007
0.8,0.7646839999999998,0.9117100000000001,-0.09810000000000099,0.08312151241000003
0.9,0.8558549999999998,0.9019,-0.09810000000001089,0.08134236100000002
1.0,0.946045,0.892089999999999,-0.09810000000000088,0.07958245680999984
1.1,1.035254,0.8822799999999988,-0.09809999999999332,0.0778417998399998
1.2,1.1234819999999999,0.8724699999999996,-0.09810000000000864,0.07612039008999993
1.3,1.2107289999999995,0.8626599999999988,-0.09809999999999332,0.07441822755999979
1.4,1.2969949999999997,0.8528499999999993,-0.09810000000000864,0.07273531224999989
1.5,1.3822799999999995,0.8430399999999986,-0.09810000000001198,0.07107164415999977
1.6,1.4665839999999994,0.8332299999999973,-0.09809999999997111,0.06942722328999955
1.7,1.5499069999999993,0.8234200000000002,-0.09810000000000864,0.06780204964000003
1.8,1.6322489999999992,0.8136099999999994,-0.09809999999999332,0.0661961232099999
1.9,1.7136099999999992,0.8038,-0.09810000000000754,0.064609444
2.0,1.793989999999999,0.7939899999999993,-0.09810000000001198,0.0630420120099999
2.1,1.8733889999999993,0.7841799999999981,-0.09809999999998976,0.0614938272399997
2.2,1.9518069999999987,0.774369999999999,-0.09810000000001198,0.05996488968999985
2.3,2.029243999999999,0.7645599999999979,-0.0980999999999569,0.05845519935999968
2.4000000000000004,2.105699999999999,0.7547500000000023,-0.09810000000002307,0.05696475625000034
2.5,2.1811749999999988,0.7449399999999998,-0.09810000000003417,0.05549356035999997
2.6,2.255668999999999,0.7351299999999965,-0.09809999999998976,0.05404161168999949
2.7,2.3291819999999985,0.7253199999999974,-0.09809999999998976,0.05260891023999963
2.8,2.4017139999999984,0.7155099999999984,-0.098099999999958,0.05119545600999978
2.9000000000000004,2.4732649999999983,0.7057000000000028,-0.09810000000002195,0.049801249000000394
3.0,2.5438349999999983,0.6958900000000006,-0.09810000000003309,0.048426289210000084
3.1,2.6134239999999984,0.6860799999999972,-0.09809999999998976,0.047070576639999626
3.2,2.682031999999998,0.6762699999999984,-0.09809999999998976,0.04573411128999978
3.3,2.749658999999998,0.6664599999999993,-0.09809999999996134,0.04441689315999991
3.4000000000000004,2.816304999999998,0.6566500000000032,-0.09810000000006304,0.04311892225000042
3.5,2.881969999999998,0.6468399999999969,-0.09809999999998976,0.0418401985599996
3.6,2.9466539999999974,0.6370299999999979,-0.09809999999998976,0.04058072208999973
3.7,3.0103569999999977,0.6272199999999989,-0.09809999999998976,0.039340492839999866
3.8,3.0730789999999977,0.6174099999999999,-0.09809999999996355,0.03811951080999999
3.9,3.1348199999999977,0.6076000000000036,-0.09810000000008703,0.036917776000000437
4.0,3.1955799999999974,0.5977899999999948,-0.09809999999993693,0.035735288409999386
4.1000000000000005,3.2553589999999977,0.5879800000000012,-0.09809999999999021,0.034572048040000136
4.2,3.314156999999997,0.5781700000000022,-0.0981000000000404,0.03342805489000025
4.3,3.371973999999997,0.5683599999999981,-0.09809999999994026,0.032303308959999784
4.4,3.4288099999999977,0.5585500000000041,-0.0981000000000826,0.031197810250000457
4.5,3.4846649999999975,0.5487399999999958,-0.09809999999994248,0.030111558759999536
4.6000000000000005,3.5395389999999978,0.5389300000000016,-0.09810000000003596,0.02904455449000017
4.7,3.5934319999999977,0.5291199999999979,-0.09809999999994357,0.027996797439999783
4.800000000000001,3.646343999999998,0.5193100000000036,-0.09810000000003571,0.026968287610000377
4.9,3.6982749999999975,0.5095000000000001,-0.09810000000003374,0.02595902500000001
5.0,3.749224999999998,0.49968999999999664,-0.09809999999994637,0.024969009609999666
5.1000000000000005,3.7991939999999977,0.489880000000002,-0.09810000000003209,0.023998241440000196
5.2,3.8481819999999978,0.4800699999999988,-0.09809999999994802,0.023046720489999884
5.300000000000001,3.8961889999999975,0.470260000000004,-0.09810000000003517,0.022114446760000378
5.4,3.9432149999999986,0.46045000000000047,-0.0981000000000293,0.021201420250000047
5.5,3.9892599999999985,0.4506399999999976,-0.0980999999999952,0.020307640959999786
5.6000000000000005,4.034323999999998,0.44082999999999806,-0.09809999999998323,0.01943310888999983
5.7,4.078406999999998,0.4310199999999997,-0.09809999999999688,0.018577824039999975
5.800000000000001,4.121508999999998,0.42121,-0.09809999999994637,0.017741786409999998
5.9,4.163629999999998,0.41140000000000543,-0.09810000000006983,0.01692499600000045
6.0,4.204769999999998,0.4015899999999984,-0.09809999999999908,0.01612745280999987
6.1000000000000005,4.244928999999998,0.39177999999999846,-0.09809999999997934,0.015349156839999881
6.2,4.284106999999998,0.3819700000000005,-0.09810000000000077,0.014590108090000038
6.300000000000001,4.322303999999998,0.3721600000000005,-0.09809999999994637,0.013850306560000037
6.4,4.359519999999998,0.36235000000000583,-0.09810000000006537,0.013129752250000425
6.5,4.395754999999999,0.3525399999999993,-0.09810000000000352,0.01242844515999995
6.6000000000000005,4.4310089999999995,0.342729999999999,-0.0980999999999749,0.011746385289999932
6.7,4.465281999999998,0.33292000000000144,-0.0981000000000052,0.011083572640000096
6.800000000000001,4.498574,0.3231100000000009,-0.09810000000003517,0.010440007210000058
6.9,4.530885,0.3132999999999974,-0.09809999999997213,0.009815688999999838
7.0,4.562214999999998,0.3034900000000002,-0.09810000000000797,0.009210618010000013
7.1000000000000005,4.592563999999999,0.29367999999999944,-0.09809999999997046,0.008624794239999968
7.2,4.621931999999998,0.28387000000000234,-0.09810000000000964,0.008058217690000133
7.3,4.650318999999999,0.2740600000000014,-0.09810000000003517,0.007510888360000078
7.4,4.677724999999999,0.264249999999998,-0.09809999999996769,0.006982806249999894
7.5,4.7041499999999985,0.2544400000000011,-0.09810000000001268,0.006473971360000057
7.6,4.729594,0.24462999999999988,-0.09809999999996602,0.005984383689999994
7.7,4.7540569999999995,0.2348200000000032,-0.09810000000001408,0.0055140432400001506
7.8,4.777538999999999,0.22501000000000185,-0.09810000000003488,0.005062950010000083
7.9,4.800039999999999,0.2151999999999984,-0.09809999999994637,0.004631103999999931
8.0,4.821559999999999,0.20539000000000376,-0.09810000000006784,0.004218505210000155
8.099999999999998,4.842098999999999,0.19557999999999687,-0.09810000000000019,0.0038251536399998773
8.200000000000001,4.861656999999999,0.18576999999999688,-0.09809999999994608,0.0034510492899998847
8.3,4.880233999999999,0.1759600000000023,-0.09810000000003517,0.0030961921600000815
8.4,4.897829999999999,0.16614999999999883,-0.09809999999994608,0.002760582249999961
8.5,4.914444999999999,0.15634000000000425,-0.09810000000005924,0.002444219560000133
8.599999999999998,4.930078999999999,0.1465299999999982,-0.0981000000000088,0.002147104089999947
8.700000000000001,4.944731999999999,0.13671999999999734,-0.09809999999994637,0.0018692358399999274
8.8,4.958403999999999,0.12691000000000274,-0.09810000000003488,0.0016106148100000696
8.9,4.971094999999999,0.11709999999999927,-0.0980999999999462,0.0013712409999999831
9.0,4.982804999999999,0.1072900000000047,-0.0981000000000505,0.0011511144100001009
9.1,4.993534,0.09747999999999953,-0.09810000000001767,0.0009502350399999909
9.2,5.003282,0.08766999999999778,-0.09809999999994608,0.0007686028899999611
9.3,5.012048999999999,0.0778600000000032,-0.09810000000003503,0.00060621796000005
9.4,5.019835,0.06804999999999974,-0.0981000000000435,0.00046308024999999644
9.5,5.02664,0.05823999999999525,-0.09809999999993581,0.00033918975999994464
9.6,5.032463999999999,0.048430000000001694,-0.09810000000003496,0.00023454649000001642
9.7,5.037306999999999,0.03861999999999824,-0.09809999999994615,0.00014915043999998642
9.8,5.041168999999999,0.028810000000003656,-0.098100000000035,8.300161000002106e-05
9.9,5.04405,0.019000000000000197,-0.09810000000003487,3.610000000000075e-05
10.0,5.04595,0.009189999999996569,-0.09809999999994451,8.445609999993695e-06
10.1,5.046868999999999,-0.0006199999999978467,-0.09810000000003496,3.843999999973299e-08
10.2,5.046806999999999,-0.010430000000001308,-0.09809999999994616,1.087849000000273e-05
10.3,5.045763999999999,-0.020239999999995886,-0.09810000000003496,4.096575999998335e-05
10.4,5.04374,-0.03004999999999935,-0.09810000000002611,9.03002499999961e-05
10.5,5.040735,-0.039860000000002095,-0.09809999999995321,0.0001588819600000167
10.6,5.036749,-0.04966999999999738,-0.09810000000003496,0.00024671088999997403
10.7,5.031782,-0.059480000000000845,-0.09810000000003503,0.0003537870400000101
10.8,5.025834,-0.06929000000000432,-0.09809999999994608,0.0004801104100000599
10.9,5.018904999999999,-0.0790999999999989,-0.09810000000001748,0.0006256809999999825
11.0,5.010995,-0.08891000000000078,-0.09809999999996188,0.0007904988100000138
11.1,5.002103999999999,-0.09871999999999692,-0.09810000000003503,0.0009745638399999393
11.2,4.992232,-0.1085300000000004,-0.09810000000003488,0.0011778760900000088
11.3,4.981379,-0.11834000000000384,-0.09809999999994608,0.001400435560000091
11.4,4.969544999999999,-0.12814999999999843,-0.09810000000000872,0.00164224224999996
11.5,4.95673,-0.13795999999999944,-0.09809999999997078,0.0019032961599999847
11.6,4.942933999999999,-0.1477699999999965,-0.09810000000003488,0.0021835972899998963
11.7,4.928157,-0.15757999999999994,-0.09810000000003488,0.0024831456399999983
11.8,4.912399,-0.1673900000000034,-0.09809999999994637,0.0028019412100001137
11.9,4.89566,-0.177199999999998,-0.09809999999999984,0.003139983999999929
12.0,4.87794,-0.18700999999999807,-0.09810000000006819,0.003497274009999928
12.1,4.859239,-0.19682000000000488,-0.09809999999994608,0.003873811240000192
12.2,4.839556999999999,-0.20662999999999948,-0.09810000000003517,0.004269595689999978
12.3,4.818893999999999,-0.21644000000000296,-0.09809999999994608,0.004684627360000129
12.4,4.797249999999999,-0.22624999999999756,-0.09809999999999125,0.00511890624999989
12.5,4.774625,-0.2360599999999968,-0.0981000000000768,0.005572432359999849
12.6,4.751019,-0.24587000000000445,-0.09809999999994608,0.006045205690000219
12.7,4.726431999999999,-0.255679999999999,-0.09810000000003517,0.00653722623999995
12.8,4.700863999999999,-0.2654900000000025,-0.09809999999994637,0.007048494010000132
12.9,4.674314999999999,-0.2752999999999971,-0.09809999999998237,0.0075790089999998415
13.0,4.646785,-0.2851099999999955,-0.0981000000000857,0.008128771209999743
13.1,4.618274,-0.294920000000004,-0.09809999999994637,0.008697780640000237
13.2,4.588781999999999,-0.3047299999999986,-0.09810000000003459,0.009286037289999915
13.3,4.558309,-0.31454000000000204,-0.09809999999994637,0.00989354116000013
13.4,4.526855,-0.32434999999999664,-0.09809999999997347,0.010520292249999784
13.5,4.49442,-0.3341599999999941,-0.09810000000009457,0.011166290559999605
13.6,4.461004,-0.34397000000000355,-0.09809999999994637,0.011831536090000245
13.7,4.426607,-0.3537799999999981,-0.09810000000003459,0.012516028839999867
13.8,4.391229,-0.3635900000000016,-0.09810000000003517,0.013219768810000115
13.9,4.35487,-0.37340000000000506,-0.09809999999987634,0.013942756000000379
14.0,4.31753,-0.3832099999999928,-0.09810000000010288,0.014684990409999446
14.1,4.279209,-0.39302000000000314,-0.09809999999994637,0.015446472040000249
14.2,4.239907,-0.4028299999999977,-0.09810000000003459,0.016227200889999814
14.3,4.199624,-0.4126400000000011,-0.09810000000003517,0.017027176960000095
14.4,4.15836,-0.42245000000000454,-0.09809999999986746,0.017846400250000383
14.5,4.116115,-0.43225999999999143,-0.09810000000011178,0.01868487075999926
14.6,4.072889,-0.44207000000000257,-0.09809999999999075,0.019542588490000228
14.7,4.028682,-0.45188000000000167,-0.09809999999999075,0.020419553440000154
14.8,3.983494,-0.4616900000000007,-0.09809999999999021,0.021315765610000065
14.9,3.937325,-0.4714999999999997,-0.09809999999994796,0.022231224999999973
15.0,3.890175,-0.4813099999999946,-0.09810000000007568,0.02316593160999948
15.1,3.842044,-0.49112000000000217,-0.09809999999999075,0.024119885440000214
15.2,3.792932,-0.5009300000000012,-0.09809999999999021,0.025093086490000124
15.3,3.742839,-0.5107400000000002,-0.09809999999999135,0.02608553476000002
15.4,3.691765,-0.5205499999999993,-0.09809999999993853,0.027097230249999927
15.5,3.63971,-0.5303599999999933,-0.09810000000008456,0.02812817295999929
15.6,3.5866740000000004,-0.5401700000000017,-0.09809999999999135,0.029178362890000187
15.7,3.5326570000000004,-0.5499800000000008,-0.09809999999999021,0.030247800040000092
15.8,3.4776590000000005,-0.5597899999999998,-0.09810000000003459,0.031336484409999976
15.9,3.4216800000000007,-0.5696000000000032,-0.09809999999988632,0.032444416000000365
16.0,3.3647200000000006,-0.579409999999992,-0.09810000000019957,0.03357159480999907
16.1,3.3067790000000006,-0.5892200000000117,-0.09809999999977752,0.03471802084000138
16.2,3.2478570000000007,-0.5990299999999896,-0.09809999999998736,0.03588369408999876
16.3,3.187954000000001,-0.6088399999999885,-0.09810000000025507,0.037068614559998596
16.400000000000002,3.1270700000000007,-0.6186500000000138,-0.09809999999976754,0.03827278225000171
16.5,3.0652050000000006,-0.6284599999999907,-0.09810000000021732,0.03949619715999883
16.6,3.0023590000000007,-0.6382700000000121,-0.09809999999975978,0.040738859290001546
16.7,2.938532000000001,-0.6480799999999883,-0.09810000000003176,0.04200076863999849
16.8,2.873724000000001,-0.6578899999999916,-0.09810000000022732,0.043281925209998906
16.900000000000002,2.8079350000000014,-0.6677000000000142,-0.09809999999974976,0.04458232900000189
17.0,2.7411650000000014,-0.6775099999999893,-0.09810000000023507,0.04590198000999855
17.1,2.673414000000001,-0.6873200000000126,-0.09809999999974311,0.047240878240001734
17.2,2.6046820000000017,-0.697129999999987,-0.09810000000003176,0.048599023689998196
17.3,2.534969000000002,-0.7069399999999904,-0.09810000000024509,0.04997641635999864
17.400000000000002,2.4642750000000015,-0.7167500000000147,-0.098099999999732,0.0513730562500021
17.5,2.392600000000002,-0.726559999999988,-0.09810000000025176,0.05278894335999826
17.6,2.3199440000000022,-0.736370000000013,-0.09809999999976976,0.054224077690001905
17.7,2.2463070000000025,-0.7461799999999901,-0.09809999999998736,0.05567845923999853
17.8,2.1716890000000024,-0.755989999999989,-0.09810000000026285,0.057152088009998325
17.900000000000002,2.0960900000000025,-0.765800000000015,-0.09809999999971537,0.0586449640000023
18.0,2.0195100000000026,-0.7756099999999867,-0.09810000000029172,0.06015708720999794
18.1,1.9419490000000028,-0.7854200000000157,-0.09809999999970759,0.06168845764000246
18.2,1.8634070000000027,-0.7952299999999866,-0.09810000000000957,0.06323907528999786
18.3,1.7838840000000031,-0.8050399999999875,-0.0981000000002795,0.064808940159998
18.4,1.7033800000000032,-0.8148500000000155,-0.09809999999971981,0.06639805225000253
18.5,1.6218950000000034,-0.8246599999999875,-0.09810000000028728,0.06800641155999794
18.6,1.5394290000000035,-0.834470000000016,-0.09809999999971313,0.06963401809000268
18.7,1.4559820000000037,-0.8442799999999875,-0.09809999999998736,0.07128087183999789
18.8,1.3715540000000035,-0.8540899999999862,-0.09810000000031949,0.07294697280999765
18.9,1.2861450000000039,-0.8639000000000181,-0.09809999999967985,0.07463232100000314
19.0,1.199755000000004,-0.8737099999999862,-0.09810000000000957,0.0763369164099976
19.1,1.112384000000004,-0.8835199999999873,-0.09810000000030836,0.07806075903999776
19.2,1.024032000000004,-0.8933300000000179,-0.09809999999967985,0.0798038488900032
19.3,0.934699000000004,-0.903139999999986,-0.0981000000003261,0.08156618595999747
19.4,0.8443850000000042,-0.9129500000000184,-0.09809999999967427,0.08334777025000335
19.5,0.7530900000000044,-0.9227599999999859,-0.09809999999999847,0.0851486017599974
19.6,0.6608140000000045,-0.9325699999999859,-0.09810000000033613,0.08696868048999738
19.7,0.5675570000000045,-0.9423800000000193,-0.09809999999966316,0.08880800644000364
19.8,0.47331900000000454,-0.9521899999999859,-0.09810000000034387,0.09066657960999731
19.9,0.3781000000000047,-0.96200000000002,-0.09809999999965652,0.09254440000000384
20.0,0.2819000000000047,-0.9718099999999857,-0.09809999999999625,0.09444146760999723
20.1,0.18471900000000477,-0.9816199999999856,1.1604999999992185,0.09635778243999718
20.2,0.08655700000000478,-0.8655700000000662,16.489040000000312,0.07492114249001146
20.3,0.0,0.7833339999999884,-0.09809999999972659,0.061361215555598196
20.4,0.07833339999999998,0.773524000000016,-0.09810000000027048,0.05983393785760247
20.5,0.15568579999999993,0.763713999999989,-0.09809999999999736,0.05832590737959832
20.6,0.2320571999999999,0.7539039999999889,-0.09809999999973217,0.05683712412159833
20.7,0.3074475999999999,0.744094000000016,-0.0981000000002627,0.055367588083602384
20.8,0.38185699999999995,0.7342839999999896,-0.09809999999974435,0.053917299265598476
20.9,0.4552853999999999,0.7244740000000154,-0.09810000000024936,0.05248625766760223
21.0,0.5277327999999999,0.7146639999999903,-0.09809999999999847,0.051074463289598616
21.1,0.5991991999999999,0.7048539999999903,-0.0980999999997555,0.04968191613159864
21.2,0.6696846,0.695044000000015,-0.09810000000024492,0.048308616193602084
21.3,0.739189,0.6852339999999904,-0.09809999999976105,0.046954563475598676
21.4,0.8077124,0.6754240000000145,-0.09810000000023827,0.045619757977601955
21.5,0.8752548,0.6656139999999905,-0.09809999999998736,0.044304199699598736
21.6,0.9418162000000002,0.6558039999999916,-0.09809999999977213,0.04300788864159891
21.7,1.0073966,0.6459940000000146,-0.09810000000023827,0.04173082480360189
21.8,1.071996,0.6361839999999905,-0.0980999999997688,0.0404730081855988
21.9,1.1356144,0.626374000000014,-0.0981000000002316,0.03923443878760175
22.0,1.1982518000000002,0.6165639999999907,-0.09809999999998736,0.03801511660959885
22.1,1.2599082,0.6067539999999918,-0.09809999999977768,0.03681504165159901
22.2,1.3205836,0.5969440000000142,-0.09810000000022162,0.0356342139136017
22.3,1.3802780000000003,0.587133999999992,-0.09809999999978544,0.03447263339559907
22.4,1.4389914000000004,0.5773240000000136,-0.09810000000021497,0.03333030009760157
22.5,1.4967238000000005,0.567513999999992,-0.09809999999998624,0.03220721401959909
22.6,1.5534752000000005,0.5577039999999932,-0.09809999999981875,0.031103375161599247
22.7,1.6092456000000006,0.5478940000000115,-0.09810000000018163,0.030018783523601267
22.8,1.6640350000000004,0.5380839999999932,-0.09809999999982542,0.028953439105599273
22.9,1.7178434000000007,0.5282740000000109,-0.09810000000017388,0.027907341907601153
23.0,1.7706708000000007,0.5184639999999934,-0.09809999999998736,0.026880491929599317
23.1,1.8225172000000007,0.5086539999999945,-0.09809999999983539,0.02587288917159944
23.2,1.873382600000001,0.4988440000000112,-0.09810000000016444,0.02488453363360112
23.3,1.9232670000000007,0.4890339999999946,-0.09809999999982041,0.02391542531559947
23.4,1.9721704000000009,0.4792240000000128,-0.09810000000017945,0.02296556421760123
23.5,2.0200928000000014,0.4694139999999946,-0.09809999999998736,0.022034950339599495
23.6,2.067034200000001,0.45960399999999574,-0.09809999999987482,0.02112358368159961
23.7,2.1129946000000017,0.44979400000000846,-0.09810000000014724,0.020231464243600762
23.8,2.1579740000000016,0.43998399999999366,-0.09809999999983764,0.019358592025599444
23.9,2.2019724000000016,0.4301740000000101,-0.09810000000014002,0.01850496702760087
24.0,2.2449898000000017,0.420363999999996,-0.09809999999998682,0.017670589249599668
24.1,2.2870262000000015,0.41055399999999714,-0.0980999999998926,0.016855458691599764
24.2,2.328081600000002,0.4007440000000081,-0.09810000000012947,0.016059575353600652
24.3,2.368156000000002,0.39093399999999506,-0.09809999999985539,0.015282939235599613
24.4,2.407249400000002,0.3811240000000097,-0.09810000000012224,0.014525550337600737
24.5,2.4453618000000024,0.37131399999999726,-0.09810000000003176,0.013787408659599796
24.6,2.4824932000000026,0.361503999999994,-0.0980999999998654,0.013068514201599567
24.7,2.5186436000000025,0.35169400000000767,-0.09810000000011225,0.012368866963600539
24.8,2.5538130000000026,0.3418839999999963,-0.09809999999987203,0.011688466945599748
24.9,2.5880014000000022,0.3320740000000093,-0.09810000000010503,0.011027314147600619
25.0,2.621208800000003,0.32226399999999866,-0.09810000000003176,0.010385408569599915
25.1,2.653435200000003,0.31245399999999535,-0.09809999999988317,0.00976275021159971
25.2,2.684680600000003,0.30264400000000724,-0.0981000000000945,0.009159339073600439
25.3,2.7149450000000033,0.29283399999999765,-0.09809999999988979,0.008575175155599862
25.4,2.7442284000000035,0.2830240000000089,-0.09810000000013226,0.008010258457600504
25.5,2.772530800000004,0.2732139999999955,-0.09809999999998682,0.007464588979599756
25.6,2.799852200000004,0.2634039999999967,-0.09809999999990095,0.006938166721599826
25.7,2.826192600000004,0.2535940000000068,-0.09810000000007699,0.006430991683600346
25.8,2.851552000000004,0.24378399999999897,-0.09809999999995171,0.00594306386559995
25.9,2.875930400000004,0.233974000000004,-0.09810000000007037,0.005474383267600188
26.0,2.899327800000004,0.22416399999999684,-0.09809999999998707,0.005024949889599859
26.1,2.921744200000004,0.214353999999998,-0.09809999999991784,0.0045947637315999134
26.2,2.943179600000004,0.2045440000000064,-0.0981000000000598,0.004183824793600261
26.3,2.9636340000000043,0.19473400000000027,-0.0980999999999692,0.0037921330756000107
26.4,2.9831074000000046,0.1849240000000036,-0.09810000000005287,0.0034196885776001337
26.5,3.0015998000000046,0.17511399999999816,-0.09809999999998707,0.0030664912995999358
26.6,3.0191112000000047,0.1653039999999993,-0.09809999999993532,0.0027325412415999777
26.7,3.035641600000005,0.155494000000006,-0.09810000000008672,0.0024178384036001865
26.8,3.0511910000000046,0.14568399999999715,-0.09809999999994228,0.002122382785599917
26.9,3.065759400000005,0.13587400000000316,-0.09810000000003538,0.0018461743876000858
27.0,3.0793468000000046,0.12606399999999948,-0.09809999999998695,0.0015892132095999872
27.1,3.0919532000000047,0.11625400000000063,-0.09809999999999724,0.0013514992516000148
27.2,3.1035786000000054,0.10644400000000112,-0.09810000000002483,0.001133032513600024
27.3,3.114223000000005,0.09663399999999853,-0.09809999999995976,0.0009338129955999716
27.4,3.123886400000005,0.08682400000000273,-0.09810000000001788,0.0007538406976000475
27.5,3.1325688000000054,0.07701400000000082,-0.09809999999998707,0.0005931156196000126
27.6,3.140270200000005,0.06720400000000197,-0.09810000000001456,0.0004516377616000265
27.7,3.1469906000000054,0.05739400000000072,-0.09810000000000739,0.0003294071236000083
27.8,3.152730000000006,0.04758399999999984,-0.09809999999997715,0.00022642370559999852
27.9,3.1574884000000054,0.03777400000000233,-0.09810000000000049,0.00014268750760001759
28.0,3.161265800000006,0.027964000000002143,-0.09810000000003144,7.819852960001198e-05
28.1,3.1640622000000063,0.018153999999998855,-0.09809999999998761,3.2956771599995846e-05
28.2,3.165877600000006,0.008344000000000308,-0.09809999999999004,6.962233600000514e-06
28.3,3.166712000000006,-0.0014659999999988363,-0.09809999999999457,2.149155999996588e-07
28.4,3.1665654000000063,-0.011275999999998084,-0.09810000000002748,1.271481759999568e-05
28.5,3.1654378000000065,-0.02108600000000097,-0.09809999999998704,4.446193960000409e-05
28.6,3.1633292000000064,-0.030895999999999813,-0.09810000000000504,9.545628159999886e-05
28.7,3.1602396000000064,-0.04070600000000011,-0.09809999999997264,0.0001656978436000009
28.8,3.1561690000000064,-0.05051599999999752,-0.09810000000001194,0.00025518662559997495
28.9,3.1511174000000066,-0.0603259999999985,-0.09810000000001005,0.00036392262759998194
29.0,3.145084800000007,-0.07013599999999964,-0.09809999999998707,0.000491905849599995
29.1,3.138071200000007,-0.07994599999999849,-0.0981000000000225,0.0006391362915999759
29.2,3.130076600000007,-0.08975600000000053,-0.09809999999995517,0.0008056139536000096
29.3,3.121101000000007,-0.09956599999999617,-0.09810000000007384,0.0009913388355999237
29.4,3.1111444000000072,-0.10937600000000336,-0.09809999999994823,0.0011963109376000737
29.5,3.100206800000007,-0.11918599999999832,-0.09809999999998707,0.0014205302595999602
29.6,3.088288200000007,-0.12899599999999717,-0.09810000000003997,0.0016639968015999271
29.7,3.0753886000000072,-0.13880600000000096,-0.09809999999993768,0.0019267105636000268
29.8,3.0615080000000074,-0.14861599999999486,-0.09810000000009132,0.0022086715455998476
29.9,3.046646400000008,-0.15842600000000379,-0.09809999999993074,0.0025098797476001203
30.0,3.030803800000008,-0.168235999999997,-0.09809999999998707,0.0028303351695998995
30.1,3.013980200000008,-0.17804599999999585,-0.09810000000005718,0.003170037811599852
30.2,2.996175600000008,-0.18785600000000133,-0.09809999999996488,0.0035289876736000502
30.3,2.977390000000008,-0.197665999999998,-0.09810000000006412,0.003907184755599921
30.4,2.957623400000008,-0.20747600000000416,-0.09809999999991352,0.004304629057600173
30.5,2.936875800000008,-0.21728599999999568,-0.09809999999998707,0.004721320579599813
30.6,2.915147200000008,-0.22709599999999447,-0.09810000000011908,0.005157259321599749
30.7,2.8924376000000085,-0.23690600000000625,-0.09809999999990297,0.005612445283600297
30.8,2.8687470000000084,-0.24671599999999663,-0.09810000000008189,0.006086878465599834
30.9,2.8440754000000084,-0.25652600000000464,-0.09809999999989576,0.006580558867600238
31.0,2.8184228000000084,-0.26633599999999436,-0.09809999999998682,0.007093486489599701
31.1,2.7917892000000086,-0.2761459999999932,-0.09810000000013683,0.007625661331599623
31.2,2.764174600000009,-0.28595600000000665,-0.09809999999988521,0.008177083393600381
31.3,2.735579000000009,-0.29576599999999525,-0.09810000000009907,0.00874775267559972
31.4,2.706002400000009,-0.305576000000005,-0.09809999999987856,0.009337669177600308
31.5,2.6754448000000086,-0.315385999999993,-0.09810000000003176,0.009946832899599559
31.6,2.6439062000000093,-0.3251959999999963,-0.09810000000010963,0.01057524384159976
31.7,2.6113866000000088,-0.3350060000000071,-0.098099999999868,0.011222902003600474
31.8,2.577886000000009,-0.344815999999994,-0.0981000000001163,0.01188980738559959
31.9,2.5434044000000093,-0.35462600000000544,-0.09809999999990576,0.012575959987600386
32.0,2.507941800000009,-0.36443599999999615,-0.09809999999998682,0.01328135980959972
32.1,2.4714982000000094,-0.37424599999999497,-0.09809999999998736,0.014006006851599624
32.2,2.4340736000000094,-0.38405599999999374,-0.09810000000027357,0.014749901113599521
32.300000000000004,2.395668000000009,-0.39386600000002064,-0.09809999999970759,0.015513042595601627
32.4,2.3562814000000096,-0.40367599999999154,-0.0981000000000312,0.016295431297599316
32.5,2.3159138000000095,-0.4134859999999948,-0.09809999999998736,0.01709706721959957
32.6,2.2745652000000094,-0.4232959999999937,-0.09809999999998682,0.017917950361599464
32.7,2.2322356000000094,-0.4331059999999925,-0.09810000000030909,0.01875808072359935
32.800000000000004,2.18892500000001,-0.4429160000000229,-0.09809999999971648,0.01961745830560203
32.9,2.1446334000000102,-0.4527259999999946,-0.09809999999998736,0.02049608310759951
33.0,2.09936080000001,-0.4625359999999935,-0.09809999999998682,0.0213939551295994
33.1,2.05310720000001,-0.4723459999999923,-0.09809999999998736,0.02231107437159928
33.2,2.00587260000001,-0.4821559999999912,-0.0981000000003657,0.023247440833599153
33.300000000000004,1.9576570000000104,-0.4919660000000272,-0.09809999999963763,0.02420305451560268
33.4,1.9084604000000105,-0.5017759999999911,-0.09810000000000957,0.025177915417599107
33.5,1.8582828000000104,-0.5115859999999922,-0.09809999999998624,0.026172023539599205
33.6,1.8071242000000107,-0.521395999999991,-0.09810000000000957,0.02718537888159906
33.7,1.7549846000000109,-0.5312059999999921,-0.09810000000037847,0.02821798144359916
33.800000000000004,1.7018640000000107,-0.5410160000000294,-0.09809999999962432,0.029269831225603178
33.9,1.647762400000011,-0.5508259999999919,-0.09809999999998736,0.030340928227599113
34.0,1.592679800000011,-0.5606359999999908,-0.09809999999998736,0.03143127244959897
34.1,1.5366162000000112,-0.5704459999999897,-0.09810000000000957,0.032540863891598826
34.2,1.4795716000000114,-0.5802559999999908,-0.09810000000041288,0.03366970255359893
34.300000000000004,1.4215460000000115,-0.5900660000000315,-0.0980999999995899,0.03481778843560372
34.4,1.3625394000000115,-0.5998759999999905,-0.09809999999998736,0.03598512153759886
34.5,1.3025518000000118,-0.6096859999999895,-0.09810000000000957,0.03717170185959872
34.6,1.241583200000012,-0.6194959999999906,-0.09809999999998624,0.03837752940159884
34.7,1.179633600000012,-0.6293059999999894,-0.09810000000047059,0.03960260416359867
34.800000000000004,1.1167030000000122,-0.6391160000000359,-0.09809999999953328,0.04084692614560459
34.9,1.0527914000000123,-0.6489259999999892,-0.09809999999999847,0.04211049534759861
35.0,0.9878988000000125,-0.6587359999999893,-0.09809999999999736,0.0433933117695986
35.1,0.9220252000000125,-0.6685459999999892,-0.09809999999999847,0.04469537541159856
35.2,0.8551706000000127,-0.6783559999999892,-0.09810000000048281,0.046016686273598534
35.300000000000004,0.7873350000000127,-0.6881660000000369,-0.09809999999950995,0.04735724435560509
35.4,0.718518400000013,-0.697975999999988,-0.09809999999999736,0.048717049657598335
35.5,0.6487208000000132,-0.7077859999999879,-0.09809999999999847,0.05009610217959829
35.6,0.5779422000000134,-0.7175959999999879,-0.09809999999999847,0.051494401921598265
35.7,0.5061826000000136,-0.727405999999988,-0.09810000000052833,0.052911948883598264
35.800000000000004,0.43344200000001376,-0.7372160000000402,-0.09809999999946889,0.05434874306560592
35.9,0.35972040000001393,-0.7470259999999872,-0.09809999999999847,0.055804784467598095
36.0,0.28501780000001414,-0.7568359999999872,-0.09809999999999847,0.057280073089598066
36.1,0.20933420000001435,-0.7666459999999871,-0.09809999999999512,0.05877460893159802
36.2,0.13266960000001454,-0.7764559999999869,2.2621599999982087,0.06028839199359797
36.3,0.05502400000001476,-0.5502400000001788,11.694428000001515,0.03027640576001968
36.4,0.0,0.6192027999999895,-0.09809999999999625,0.038341210752782705
36.5,0.06192027999999984,0.6093927999999897,-0.09809999999999736,0.03713595846918275
36.6,0.12285955999999967,0.5995827999999899,-0.09809999999999512,0.03594995340558279
36.7,0.1828178399999995,0.5897727999999902,-0.09809999999959354,0.034783195561982845
36.8,0.24179511999999936,0.5799628000000313,-0.09810000000041037,0.03363568493838764
36.9,0.2997913999999992,0.5701527999999902,-0.09809999999999293,0.032507421534782886
37.0,0.35680667999999904,0.5603427999999908,-0.09809999999999736,0.031398405351182976
37.1,0.41284095999999887,0.5505327999999908,-0.09809999999999847,0.03030863638758299
37.2,0.4678942399999988,0.540722799999991,-0.09809999999962797,0.029238114643983022
37.3,0.5219665199999987,0.5309128000000287,-0.09810000000037594,0.02818684012038705
37.4,0.5750577999999985,0.521102799999991,-0.09809999999999736,0.027154812816783058
37.5,0.6271680799999984,0.5112927999999911,-0.09809999999998736,0.026142032733183093
37.6,0.6782973599999982,0.5014827999999921,-0.09809999999999847,0.02514849986958321
37.7,0.7284456399999981,0.49167279999999214,-0.09809999999966293,0.024174214225983228
37.8,0.777612919999998,0.48186280000002646,-0.0981000000003404,0.02321917580238655
37.9,0.825799199999998,0.47205279999999233,-0.09809999999999792,0.022283384598783276
38.0,0.8730044799999978,0.4622427999999924,-0.09809999999999847,0.021366840615183298
38.1,0.9192287599999976,0.4524327999999924,-0.09809999999998682,0.020469543851583314
38.2,0.9644720399999976,0.4426227999999936,-0.09809999999999847,0.019591494307983435
38.3,1.0087343199999976,0.4328127999999936,-0.09809999999971566,0.01873269198438345
38.400000000000006,1.0520155999999976,0.42300280000002255,-0.0981000000002877,0.017893136880785906
38.5,1.0943158799999975,0.4131927999999937,-0.09810000000000899,0.01707282899718348
38.6,1.1356351599999974,0.4033827999999927,-0.09809999999998736,0.016271768333583413
38.7,1.1759734399999973,0.3935727999999938,-0.09810000000000899,0.01548995488998351
38.8,1.2153307199999972,0.3837627999999928,-0.09809999999972845,0.01472738866638345
38.900000000000006,1.253706999999997,0.37395280000002046,-0.09810000000025271,0.013984069662785531
39.0,1.2911022799999967,0.36414279999999505,-0.09810000000000957,0.013259997879183638
39.1,1.3275165599999967,0.35433279999999395,-0.09809999999998682,0.01255517331558357
39.2,1.3629498399999969,0.34452279999999513,-0.09810000000000957,0.011869595971983666
39.3,1.3974021199999969,0.33471279999999404,-0.09809999999976286,0.011203265848383602
39.400000000000006,1.4308733999999967,0.3249028000000183,-0.09810000000024048,0.010556182944785192
39.5,1.4633636799999967,0.31509279999999407,-0.09809999999998682,0.009928347261183627
39.6,1.4948729599999964,0.3052827999999953,-0.09810000000000957,0.009319758797583714
39.7,1.5254012399999963,0.2954727999999942,-0.09809999999998682,0.008730417553983658
39.8,1.5549485199999964,0.2856627999999954,-0.09809999999982058,0.008160323530383738
39.900000000000006,1.5835147999999963,0.2758528000000139,-0.09810000000018275,0.007609476726784767
40.0,1.611100079999996,0.26604279999999547,-0.09810000000000957,0.007077877143183759
40.1,1.637704359999996,0.2562327999999944,-0.09809999999998682,0.006565524779583712
40.2,1.6633276399999959,0.24642279999999556,-0.09809999999998707,0.006072419635983782
40.3,1.6879699199999956,0.2366127999999967,-0.09809999999985528,0.005598561712383845
40.400000000000006,1.7116311999999958,0.2268028000000117,-0.09810000000014807,0.005143951008784532
40.5,1.7343114799999957,0.2169927999999968,-0.09810000000000928,0.004708587525183862
40.6,1.7560107599999957,0.20718279999999567,-0.09809999999998707,0.0042924712615838205
40.7,1.7767290399999955,0.19737279999999688,-0.09810000000000928,0.0038956022179838772
40.8,1.7964663199999955,0.1875627999999958,-0.09809999999986777,0.003517980394383843
40.900000000000006,1.8152225999999956,0.1777528000000096,-0.09810000000013555,0.003159605790784341
41.0,1.8329978799999955,0.16794279999999587,-0.09809999999998707,0.0028204784071838612
41.1,1.8497921599999951,0.15813279999999705,-0.09810000000000928,0.0025005982435839067
41.2,1.8656054399999953,0.14832279999999598,-0.09809999999998707,0.002199965299983881
41.3,1.8804377199999949,0.13851279999999713,-0.09809999999992465,0.0019185795763839207
41.400000000000006,1.8942889999999948,0.12870280000000522,-0.09810000000007871,0.0016564410727841344
41.5,1.9071592799999944,0.1188927999999972,-0.09809999999998707,0.0014135497891839335
41.6,1.9190485599999945,0.10908279999999836,-0.09810000000000928,0.0011899057255839642
41.7,1.9299568399999945,0.0992727999999973,-0.09809999999998707,0.0009855088819839466
41.8,1.9398841199999943,0.08946279999999845,-0.09809999999995965,0.0008003592583839724
41.900000000000006,1.9488303999999943,0.07965280000000304,-0.0981000000000437,0.0006344568547840484
42.0,1.956795679999994,0.06984279999999854,-0.09810000000000922,0.00048780167118397965
42.1,1.963779959999994,0.06003279999999748,-0.09809999999998707,0.00036039370758396975
42.2,1.9697832399999935,0.05022279999999863,-0.09810000000000928,0.00025223296398398624
42.3,1.9748055199999937,0.04041279999999756,-0.09809999999997229,0.00016331944038398033
42.400000000000006,1.9788467999999937,0.030602800000000888,-0.09810000000003102,9.365313678400543e-05
42.5,1.9819070799999936,0.020792799999997648,-0.09809999999998707,4.323405318399022e-05
42.6,1.9839863599999932,0.010982799999998804,-0.09809999999998707,1.2062189583997373e-05
42.7,1.9850846399999929,0.0011727999999999572,-0.09810000000000926,1.3754598399998994e-07
42.8,1.9852019199999928,-0.00863720000000111,-0.09810000000000717,7.460122384001917e-06
42.900000000000006,1.9843381999999927,-0.018447200000001263,-0.09809999999999616,3.402991878400466e-05
43.0,1.9824934799999927,-0.028257200000001023,-0.09809999999998707,7.984693518400579e-05
43.1,1.9796677599999928,-0.03806719999999987,-0.09810000000000928,0.00014491117158399903
43.2,1.9758610399999927,-0.04787720000000094,-0.09809999999998707,0.00022922262798400901
43.3,1.9710733199999928,-0.057687199999999786,-0.09810000000006412,0.00033278130438399754
43.400000000000006,1.9653045999999927,-0.06749720000000564,-0.0980999999999392,0.0004555872007840762
43.5,1.9585548799999923,-0.0773071999999997,-0.09810000000000928,0.0005976403171839954
43.6,1.9508241599999925,-0.08711720000000078,-0.09809999999998707,0.0007589406535840137
43.7,1.942112439999992,-0.0969271999999996,-0.09809999999998707,0.0009394882099839924
43.8,1.932419719999992,-0.10673719999999846,-0.09810000000009897,0.0011392829863839673
43.900000000000006,1.921745999999992,-0.1165472000000078,-0.09809999999990424,0.0013583249827841819
44.0,1.910091279999992,-0.12635719999999837,-0.09810000000000928,0.0015966141991839587
44.1,1.897455559999992,-0.13616719999999943,-0.09809999999998707,0.0018541506355839847
44.2,1.883838839999992,-0.14597719999999828,-0.09810000000000928,0.0021309342919839497
44.3,1.869241119999992,-0.15578719999999935,-0.09810000000011171,0.00242696516838398
44.400000000000006,1.853662399999992,-0.16559720000000996,-0.0980999999998916,0.00274224326478433
44.5,1.837102679999992,-0.17540719999999926,-0.09809999999998707,0.0030767685811839743
44.6,1.8195619599999917,-0.18521719999999808,-0.09810000000000928,0.003430541117583929
44.7,1.8010402399999914,-0.1950271999999992,-0.09809999999998707,0.003803560873983969
44.8,1.7815375199999912,-0.204837199999998,-0.09810000000016893,0.004195827850383918
44.900000000000006,1.7610537999999911,-0.21464720000001436,-0.09809999999983443,0.0046073420467846165
45.0,1.739589079999991,-0.22445719999999797,-0.09809999999998707,0.005038103463183909
45.1,1.7171433599999908,-0.2342671999999968,-0.09810000000000928,0.00548811209958385
45.2,1.6937166399999908,-0.24407719999999783,-0.09809999999998707,0.005957367955983894
45.3,1.6693089199999906,-0.2538871999999967,-0.0981000000002036,0.006445871032383832
45.400000000000006,1.6439201999999906,-0.2636972000000165,-0.09809999999979971,0.006953621328784871
45.5,1.6175504799999905,-0.2735071999999966,-0.09810000000000899,0.007480618845183815
45.6,1.5901997599999904,-0.28331719999999766,-0.09809999999998736,0.008026863581583868
45.7,1.5618680399999902,-0.29312719999999653,-0.09810000000000899,0.008592355537983798
45.8,1.53255531999999,-0.3029371999999976,-0.09810000000021635,0.009177094714383853
45.900000000000006,1.50226159999999,-0.31274720000001865,-0.09809999999978698,0.009781081110785168
46.0,1.47098687999999,-0.3225571999999975,-0.09809999999998736,0.010404314727183839
46.1,1.4387311599999897,-0.3323671999999964,-0.09810000000000899,0.011046795563583763
46.2,1.4054944399999896,-0.3421771999999974,-0.09809999999998736,0.011708523619983823
46.3,1.3712767199999891,-0.3519871999999963,-0.0981000000002508,0.012389498896383739
46.400000000000006,1.3360779999999892,-0.3617972000000208,-0.09809999999975257,0.013089721392785506
46.5,1.2998982799999892,-0.37160719999999614,-0.09809999999998682,0.013809191109183714
46.6,1.262737559999989,-0.381417199999995,-0.09810000000000957,0.014547908045583618
46.7,1.224595839999989,-0.39122719999999606,-0.09809999999998682,0.015305872201983692
46.8,1.1854731199999888,-0.4010371999999949,-0.09810000000030851,0.01608308357838359
46.900000000000006,1.1453693999999888,-0.4108472000000252,-0.09809999999969482,0.016879542174786072
47.0,1.1042846799999884,-0.4206571999999949,-0.09810000000000957,0.017695247991183573
47.1,1.0622189599999885,-0.430467199999996,-0.09809999999998682,0.018530201027583657
47.2,1.0191722399999883,-0.4402771999999948,-0.09809999999999847,0.019384401283983544
47.3,0.9751445199999882,-0.45008719999999475,-0.09810000000033184,0.02025784876038353
47.400000000000006,0.930135799999988,-0.4598972000000274,-0.0980999999996715,0.02115054345678652
47.5,0.8841460799999878,-0.46970719999999466,-0.09809999999999792,0.0220624853731835
47.6,0.8371753599999878,-0.47951719999999454,-0.09809999999998736,0.022993674509583478
47.7,0.7892236399999876,-0.4893271999999935,-0.09809999999999792,0.02394411086598337
47.8,0.7402909199999875,-0.49913719999999334,-0.09810000000036737,0.024913794442383338
47.900000000000006,0.6903771999999876,-0.5089472000000296,-0.0980999999996365,0.025902725238787012
48.0,0.6394824799999875,-0.5187571999999934,-0.09809999999999736,0.026910903255183312
48.1,0.5876067599999875,-0.5285671999999932,-0.09809999999999847,0.027938328491583286
48.2,0.5347500399999874,-0.5383771999999932,-0.09809999999999847,0.028985000947983272
48.3,0.4809123199999873,-0.5481871999999932,-0.09810000000039625,0.030050920624383255
48.400000000000006,0.4260935999999872,-0.5579972000000323,-0.09809999999960099,0.031136087520787604
48.5,0.3702938799999872,-0.5678071999999925,-0.09809999999999847,0.03224050163718315
48.6,0.3135131599999871,-0.5776171999999925,-0.09809999999999512,0.033364162973583134
48.7,0.255751439999987,-0.5874271999999922,-0.09809999999999847,0.03450707152998308
48.8,0.19700871999998693,-0.5972371999999921,-0.09810000000043395,0.03566922730638306
48.900000000000006,0.1372849999999869,-0.607047200000035,-0.0980999999995655,0.03685063030278825
49.0,0.07658027999998684,-0.6168571999999917,4.679116000001192,0.038051280519182974
49.1,0.014894559999986796,-0.14894559999986584,6.4046935999985015,0.0022184791759320035
49.2,0.0,0.4915237599999934,-0.0980999999999968,0.024159560664453114
49.3,0.04915237600000004,0.4817137599999936,-0.09809999999966848,0.023204814657333147
49.400000000000006,0.09732375200000008,0.47190376000002726,-0.0981000000003321,0.022269315870216334
49.5,0.14451412800000013,0.462093759999994,-0.09809999999999847,0.021353064303093208
49.6,0.19072350400000015,0.452283759999994,-0.09809999999999512,0.020456059955973216
49.7,0.23595188000000025,0.44247375999999433,-0.09809999999999847,0.01957830282885326
49.8,0.2801992560000003,0.4326637599999944,-0.09809999999970456,0.018719792921733275
49.900000000000006,0.32346563200000034,0.4228537600000245,-0.09810000000029324,0.017880530234615832
50.0,0.3657510080000004,0.413043759999995,-0.09809999999999792,0.017060514767493346
50.1,0.40705538400000046,0.4032337599999951,-0.09809999999999847,0.016259746520373368
50.2,0.4473787600000005,0.3934237599999951,-0.09809999999999792,0.015478225493253376
50.3,0.48672113600000066,0.3836137599999952,-0.09809999999973398,0.014715951686133391
50.400000000000006,0.5250825120000007,0.3738037600000223,-0.09810000000026382,0.013972925099015427
50.5,0.5624628880000008,0.3639937599999958,-0.09809999999999847,0.013249145731893452
50.6,0.5988622640000009,0.35418375999999574,-0.09809999999999792,0.01254461358477346
50.7,0.634280640000001,0.34437375999999587,-0.09809999999999847,0.011859328657653476
50.8,0.6687180160000009,0.3345637599999959,-0.09809999999977395,0.011193290950533485
50.900000000000006,0.7021743920000011,0.32475376000001904,-0.0981000000002294,0.010546500463414998
51.0,0.7346497680000011,0.314943759999996,-0.09809999999999792,0.00991895719629351
51.1,0.7661441440000013,0.30513375999999603,-0.09809999999999847,0.009310661149173519
51.2,0.7966575200000012,0.29532375999999605,-0.09809999999999792,0.008721612322053526
51.3,0.8261898960000013,0.28551375999999606,-0.09809999999980948,0.008151810714933537
51.400000000000006,0.8547412720000013,0.2757037600000157,-0.09810000000018275,0.007601256327814625
51.5,0.8823116480000013,0.26589375999999726,-0.09809999999999847,0.0070699491606936145
51.6,0.9089010240000013,0.2560837599999973,-0.09809999999999792,0.0065578892135736205
51.7,0.9345094000000016,0.24627375999999737,-0.09809999999999817,0.006065076486453631
51.8,0.9591367760000016,0.23646375999999744,-0.09809999999985528,0.005591510979333639
51.900000000000006,0.9827831520000015,0.22665376000001247,-0.09810000000014807,0.005137192692214326
52.0,1.0054485280000016,0.21684375999999753,-0.09809999999998707,0.004702121625093653
52.1,1.0271329040000017,0.20703375999999868,-0.09810000000000928,0.004286297777973706
52.2,1.0478362800000018,0.1972237599999976,-0.09809999999998707,0.003889721150853666
52.3,1.0675586560000019,0.1874137599999988,-0.09809999999988997,0.0035123917437337154
52.400000000000006,1.086300032000002,0.17760376000001032,-0.09810000000011336,0.003154309556614127
52.5,1.104060408000002,0.16779375999999885,-0.09810000000000928,0.0028154745894937213
52.6,1.120839784000002,0.15798375999999778,-0.09809999999998707,0.00249588684237369
52.7,1.136638160000002,0.14817375999999893,-0.09810000000000928,0.0021955463152537285
52.8,1.1514555360000023,0.13836375999999787,-0.09809999999990272,0.0019144530081337012
52.900000000000006,1.1652919120000023,0.12855376000000815,-0.0981000000001006,0.0016526069210139696
53.0,1.1781472880000023,0.11874375999999794,-0.09809999999998707,0.001410008053893711
53.1,1.1900216640000023,0.1089337599999991,-0.09810000000000928,0.0011866564067737405
53.2,1.2009150400000024,0.09912375999999805,-0.09809999999998695,0.0009825519796537213
53.3,1.2108274160000023,0.0893137599999992,-0.09809999999993757,0.0007976947725337457
53.400000000000006,1.2197587920000024,0.079503760000006,-0.09810000000006576,0.0006320847854138555
53.5,1.2277091680000023,0.06969375999999929,-0.09809999999998717,0.0004857220182937501
53.6,1.2346785440000023,0.05988376000000043,-0.09810000000000928,0.0003586064711737652
53.7,1.2406669200000027,0.05007375999999936,-0.098099999999987,0.0002507381440537536
53.8,1.2456742960000027,0.04026376000000052,-0.09809999999999464,0.00016211703693376424
53.900000000000006,1.2497006720000028,0.030453760000001617,-0.09810000000000872,9.274314981376985e-05
54.0,1.2527460480000028,0.020643760000000604,-0.09810000000000926,4.2616482693762496e-05
54.1,1.2548104240000029,0.010833759999999538,-0.09809999999998704,1.1737035573758999e-05
54.2,1.2558938000000028,0.0010237600000006916,-0.09810000000000928,1.048084537601416e-07
54.3,1.255996176000003,-0.008786240000000374,-0.09810000000000726,7.719801333760656e-06
54.400000000000006,1.2551175520000029,-0.018596240000000545,-0.09809999999997386,3.4582014213762026e-05
54.5,1.253257928000003,-0.028406239999998074,-0.09810000000000928,8.069144709374906e-05
54.6,1.250417304000003,-0.03821623999999914,-0.09809999999998707,0.00014604809997375342
54.7,1.246595680000003,-0.04802623999999799,-0.09810000000000928,0.00023065197285374072
54.8,1.2417930560000032,-0.057836239999999046,-0.09810000000004208,0.000334503065733749
54.900000000000006,1.2360094320000032,-0.0676462400000027,-0.09809999999996127,0.0004576013786137966
55.0,1.2292448080000031,-0.07745623999999898,-0.09809999999998707,0.0005999469114937443
55.1,1.2214991840000031,-0.0872662399999978,-0.09810000000000928,0.0007615396643737217
55.2,1.2127725600000034,-0.09707623999999888,-0.09809999999998707,0.0009423796372537383
55.3,1.2030649360000034,-0.10688623999999772,-0.09810000000009911,0.0011424668301337113
55.400000000000006,1.1923763120000035,-0.11669624000000708,-0.09809999999990408,0.0013618012430139253
55.5,1.1807066880000034,-0.12650623999999763,-0.09809999999998707,0.0016003828758937003
55.6,1.1680560640000035,-0.13631623999999648,-0.09810000000000928,0.001858211728773664
55.7,1.1544244400000037,-0.14612623999999755,-0.09809999999998707,0.0021352878016536883
55.8,1.1398118160000037,-0.1559362399999964,-0.09810000000013394,0.0024316110945336476
55.900000000000006,1.1242181920000038,-0.16574624000000923,-0.0980999999998694,0.0027471816074140665
56.0,1.1076435680000039,-0.1755562399999963,-0.09810000000000928,0.0030819993402936307
56.1,1.090087944000004,-0.18536623999999735,-0.09809999999998707,0.0034360642931736615
56.2,1.071551320000004,-0.19517623999999625,-0.09810000000000928,0.003809376466053614
56.3,1.052033696000004,-0.20498623999999727,-0.09810000000014672,0.0042019358589336486
56.400000000000006,1.031535072000004,-0.2147962400000114,-0.09809999999984552,0.0046137424718142505
56.5,1.010055448000004,-0.22460623999999607,-0.09809999999999817,0.0050447963046935836
56.6,0.9875948240000042,-0.23441623999999603,-0.09809999999999817,0.005495097357573574
56.7,0.9641532000000042,-0.244226239999996,-0.09809999999999817,0.0059646456304535645
56.8,0.9397305760000044,-0.254036239999996,-0.09810000000019249,0.006453441123333559
56.900000000000006,0.9143269520000045,-0.26384624000001466,-0.09809999999981085,0.006961483836214534
57.0,0.8879423280000045,-0.2736562399999959,-0.09809999999999792,0.007488773769093535
57.1,0.8605767040000045,-0.2834662399999958,-0.09809999999999847,0.008035310921973522
57.2,0.8322300800000045,-0.2932762399999958,-0.09809999999999792,0.008601095294853514
57.3,0.8029024560000044,-0.30308623999999573,-0.09810000000022749,0.009186126887733502
57.400000000000006,0.7725938320000045,-0.3128962400000179,-0.09809999999977585,0.009790405700614882
57.5,0.7413042080000045,-0.32270623999999565,-0.09809999999998736,0.01041393173349348
57.6,0.7090335840000044,-0.33251623999999447,-0.09809999999999792,0.011056704986373393
57.7,0.6757819600000045,-0.34232623999999445,-0.09809999999999847,0.011718725459253381
57.8,0.6415493360000045,-0.35213623999999444,-0.09810000000026245,0.012399993152133368
57.900000000000006,0.6063357120000046,-0.36194624000002007,-0.09809999999974088,0.013100508065015212
58.0,0.5701410880000046,-0.3717562399999944,-0.09809999999999792,0.013820270197893345
58.1,0.5329654640000048,-0.38156623999999434,-0.09809999999999847,0.014559279550773328
58.2,0.49480884000000475,-0.3913762399999943,-0.09809999999999792,0.015317536123653316
58.3,0.4556712160000047,-0.40118623999999414,-0.09810000000029742,0.016095039916533292
58.400000000000006,0.4155525920000047,-0.4109962400000234,-0.09809999999970036,0.016891790929415684
58.5,0.3744529680000047,-0.4208062399999936,-0.09809999999999847,0.017707789162293222
58.6,0.3323723440000048,-0.4306162399999936,-0.09809999999999792,0.01854303461517321
58.7,0.2893107200000048,-0.44042623999999353,-0.09809999999999568,0.01939752728805319
58.8,0.2452680960000048,-0.4502362399999932,-0.09810000000033184,0.02027126718093315
58.900000000000006,0.2002444720000049,-0.46004624000002575,-0.09809999999966873,0.02116425429381613
59.0,0.15423984800000487,-0.4698562399999928,-0.0980999999999968,0.022076488626693088
59.1,0.10725422400000494,-0.47966623999999264,-0.0980999999999968,0.023007970179573053
59.2,0.059287600000005006,-0.48947623999999246,3.8607647999993775,0.023958698952453023
59.3,0.010339976000005066,-0.1033997600000492,4.930187520000989,0.0010691510368067776
59.400000000000006,0.0,0.3896189920000216,-0.09810000000027379,0.01518029589271129
59.5,0.03896189919999994,0.37980899199999407,-0.09809999999999736,0.014425487040405156
59.6,0.0769427983999999,0.3699989919999943,-0.09809999999999847,0.013689925408101187
59.7,0.11394269759999984,0.3601889919999942,-0.0980999999999968,0.01297361099579719
59.8,0.1499615967999998,0.35037899199999445,-0.09809999999976007,0.012276543803493217
59.900000000000006,0.1849994959999997,0.34056899200001894,-0.09810000000024328,0.011598723831190897
60.0,0.21905639519999967,0.33075899199999453,-0.09809999999999237,0.010940151078885246
60.1,0.2521322943999996,0.32094899199999516,-0.09809999999999847,0.010300825546581295
60.2,0.2842271935999996,0.3111389919999952,-0.09809999999999792,0.009680747234277308
60.3,0.31534109279999956,0.30132899199999524,-0.09809999999979782,0.00907991614197332
60.400000000000006,0.3454739919999995,0.291518992000016,-0.09810000000020552,0.00849833226967054
60.5,0.37462589119999945,0.2817089919999953,-0.09809999999999847,0.00793599561736534
60.6,0.4027967903999994,0.27189899199999534,-0.09809999999999792,0.007392906185061353
60.7,0.4299866895999993,0.2620889919999954,-0.09809999999999293,0.006869063972757367
60.8,0.4561955887999992,0.252278991999996,-0.09809999999983252,0.006364468980453404
60.900000000000006,0.4814234879999992,0.2424689920000133,-0.0981000000001761,0.0058791212081502515
61.0,0.5056703871999991,0.23265899199999557,-0.09809999999998707,0.0054130206558454
61.1,0.528936286399999,0.2228489919999967,-0.09809999999999817,0.004966167323541459
61.2,0.551221185599999,0.21303899199999676,-0.09809999999999817,0.0045385612112374685
61.3,0.572525084799999,0.2032289919999968,-0.09809999999986777,0.004130202318933476
61.400000000000006,0.5928479839999988,0.19341899200001053,-0.09810000000013555,0.003741090646630014
61.5,0.6121898831999989,0.1836089919999969,-0.09809999999999817,0.003371226194325492
61.6,0.6305507823999988,0.1737989919999969,-0.09809999999999817,0.003020608962021499
61.7,0.6479306815999988,0.16398899199999695,-0.09809999999999817,0.0026892389497175065
61.8,0.6643295807999987,0.154178991999997,-0.09809999999990245,0.0023771161574135135
61.900000000000006,0.6797474799999985,0.1443689920000073,-0.09810000000010088,0.002084240585109817
62.0,0.6941843791999984,0.13455899199999707,-0.09809999999999817,0.0018106122328055277
62.1,0.7076402783999984,0.12474899199999712,-0.09809999999999817,0.0015562311005015345
62.2,0.7201151775999983,0.11493899199999716,-0.09809999999998707,0.0013210971881975411
62.3,0.7316090767999982,0.10512899199999833,-0.09809999999993745,0.0011052104958935713
62.400000000000006,0.7421219759999981,0.09531899200000513,-0.09810000000006593,0.0009085710235897042
62.5,0.751653875199998,0.08550899199999838,-0.09809999999999817,0.0007311787712855788
62.6,0.7602047743999981,0.07569899199999844,-0.09809999999999806,0.0005730337389815828
62.7,0.7677746735999981,0.0658889919999985,-0.09809999999999824,0.0004341359266775866
62.8,0.7743635727999981,0.05607899199999853,-0.09809999999997225,0.00031448533437358994
62.900000000000006,0.779971471999998,0.046268992000001855,-0.09810000000003109,0.0002140819620696236
63.0,0.7845983711999978,0.03645899199999861,-0.09809999999999815,0.00013292580976559626
63.1,0.7882442703999978,0.02664899199999866,-0.09809999999999817,7.101687746159927e-05
63.2,0.7909091695999978,0.016838991999998703,-0.09809999999999817,2.835516515760203e-05
63.3,0.7925930687999975,0.007028991999998745,-0.09810000000000713,4.940672853604637e-06
63.400000000000006,0.7932959679999975,-0.0027810080000014088,-0.0980999999999851,7.734005496071837e-07
63.5,0.7930178671999972,-0.012591008000000058,-0.09809999999999816,1.5853348245606545e-05
63.6,0.7917587663999973,-0.02240100800000001,-0.09809999999999817,5.018051594160645e-05
63.7,0.7895186655999972,-0.032211007999999965,-0.09809999999999817,0.00010375490363760617
63.8,0.7862975647999971,-0.04202100799999993,-0.098100000000042,0.0001765765113336058
63.900000000000006,0.7820954639999971,-0.05183100800000357,-0.09809999999991056,0.0002686453390296434
64.0,0.7769123631999971,-0.061641007999995466,-0.09810000000009972,0.0003799613867255505
64.10000000000001,0.7707482623999969,-0.07145100800000488,-0.09810000000001208,0.0005105246544216762
64.2,0.763603161599997,-0.08126100800000553,-0.09809999999986865,0.0006603351421176964
64.3,0.7554770607999968,-0.09107100799999325,-0.09810000000014157,0.0008293928498134834
64.4,0.7463699599999967,-0.10088100800000684,-0.09809999999984093,0.0010176977775097444
64.5,0.7362818591999967,-0.11069100799999176,-0.09810000000015837,0.001225249925205424
64.60000000000001,0.7252127583999964,-0.12050100800000704,-0.09810000000001208,0.0014520492929017761
64.7,0.7131626575999965,-0.13031100800000767,-0.09809999999979914,0.0016980958805978064
64.8,0.7001315567999965,-0.14012100799998845,-0.0981000000002111,0.0019633896882932825
64.9,0.6861194559999965,-0.149931008000009,-0.0980999999997711,0.0022479307159898763
65.0,0.6711263551999964,-0.15974100799998694,-0.09810000000023912,0.0025517189636851895
65.10000000000001,0.6551522543999964,-0.1695510080000103,-0.09810000000001208,0.002874754431381956
65.2,0.6381971535999963,-0.17936100800001095,-0.09809999999972947,0.0032170371190779995
65.3,0.6202610527999962,-0.18917100799998476,-0.09810000000028105,0.0035785670267730304
65.4,0.6013439519999961,-0.19898100800001228,-0.09809999999970145,0.003959344154470096
65.5,0.581445851199996,-0.2087910079999833,-0.0981000000003088,0.004359368502164908
65.60000000000001,0.5605667503999959,-0.2186010080000136,-0.09810000000001208,0.004778640069862202
65.7,0.5387066495999958,-0.22841100800001424,-0.09809999999965395,0.0052171588575582566
65.8,0.5158655487999957,-0.23822100799998047,-0.09810000000035073,0.005674924865252676
65.9,0.4920434479999956,-0.24803100800001496,-0.09809999999963176,0.006151938092950349
66.0,0.4672403471999955,-0.25784100799997894,-0.09810000000037847,0.006648198540644521
66.10000000000001,0.44145624639999537,-0.2676510080000163,-0.09810000000000654,0.007163706208342478
66.2,0.41469114559999526,-0.2774610080000164,-0.09809999999959014,0.007698461096038516
66.3,0.38694504479999525,-0.28727100799997624,-0.0981000000004201,0.008252463203732241
66.4,0.3582179439999952,-0.2970810080000177,-0.09809999999956238,0.008825712531430658
66.5,0.3285098431999951,-0.3068910079999748,-0.09810000000044784,0.009418209079124062
66.60000000000001,0.297820742399995,-0.31670100800001894,-0.09810000000000932,0.010029952846822806
66.7,0.26615064159999485,-0.32651100800001936,-0.0980999999995202,0.010660943834518872
66.8,0.2334995407999948,-0.3363210079999722,-0.09810000000048728,0.011311182042211739
66.9,0.19986743999999476,-0.3461310080000204,-0.09809999999949245,0.011980667469911018
67.0,0.16525433919999463,-0.35594100799997047,-0.09810000000051837,0.012669400117603506
67.10000000000001,0.12966023839999455,-0.36575100800002175,-0.09810000000001097,0.013377379985303198
67.2,0.09308513759999448,-0.37556100800002234,-0.09809999999944914,0.014104607072999285
67.3,0.055529036799994394,-0.385371007999968,2.154516480000277,0.01485108138069114
67.4,0.016991935999994295,-0.1699193599999526,4.762541663998865,0.00288725889027935
67.5,0.0,0.3063348063999746,-0.09809999999957576,0.009384101361210994
67.60000000000001,0.030633480640000075,0.2965248064000176,-0.09810000000001208,0.008792696081056792
67.7,0.060285961280000154,0.2867148064000169,-0.09810000000039004,0.008220538020899918
67.8,0.08895744192000021,0.2769048063999771,-0.09809999999961853,0.007667627180740881
67.9,0.11664792256000028,0.2670948064000158,-0.0981000000003612,0.007133963560586193
68.0,0.14335740320000034,0.25728480639997886,-0.09809999999964655,0.006619547160427461
68.10000000000001,0.16908588384000042,0.2474748064000148,-0.09810000000001208,0.006124377980272481
68.2,0.1938333644800005,0.23766480640001408,-0.09810000000031929,0.005648456020115618
68.3,0.21759984512000052,0.22785480639998132,-0.09809999999969096,0.005191781279957297
68.4,0.24038532576000063,0.2180448064000128,-0.09810000000029152,0.004754353759801907
68.5,0.2621898064000006,0.2082348063999828,-0.0980999999997162,0.004336173459643831
68.60000000000001,0.2830132870400007,0.19842480640001173,-0.09810000000001208,0.003937240379488213
68.7,0.3028557676800008,0.18861480640001113,-0.09810000000024657,0.003557554519331368
68.8,0.3217172483200008,0.1788048063999856,-0.09809999999975812,0.0031971158791736336
68.9,0.3395977289600009,0.16899480640001036,-0.09810000000022435,0.002855924459017698
69.0,0.356497209600001,0.15918480639998708,-0.09809999999978589,0.002533980258860137
69.10000000000001,0.372415690240001,0.14937480640000905,-0.09810000000001208,0.0022312832787040183
69.2,0.38735317088000104,0.1395648064000084,-0.09810000000018272,0.0019478335185471826
69.3,0.40130965152000114,0.1297548063999893,-0.0980999999998221,0.0016836309783898704
69.4,0.4142851321600012,0.11994480640000764,-0.09810000000015469,0.0014386756582335314
69.5,0.42627961280000126,0.11013480639999132,-0.09809999999985555,0.001212967558076357
69.60000000000001,0.4372930934400013,0.10032480640000632,-0.09810000000001208,0.001006506677919875
69.7,0.44732557408000134,0.09051480640000568,-0.09810000000011293,0.000819293017763051
69.8,0.4563770547200015,0.08070480639999356,-0.09809999999989745,0.0006513265776060441
69.9,0.4644475353600015,0.07089480640000437,-0.09810000000007939,0.0005026073574494101
70.0,0.47153701600000153,0.06108480639999559,-0.09809999999992527,0.0003731353572924943
70.10000000000001,0.4776454966400016,0.05127480640000361,-0.09810000000001208,0.00026291057713578517
70.2,0.4827729772800017,0.04146480640000297,-0.09810000000004318,0.0001719330169789727
70.3,0.48691945792000174,0.03165480639999781,-0.09809999999996712,0.00010020267682213425
70.4,0.49008493856000174,0.021844806400001655,-0.09810000000000972,4.7719556665355326e-05
70.5,0.4922694192000018,0.012034806399999848,-0.09809999999999501,1.448365650854773e-05
70.60000000000001,0.4934728998400019,0.002224806400000905,-0.09810000000001212,4.949763517484987e-07
70.7,0.493695380480002,-0.007585193599999749,-0.09809999999997344,5.753516194947716e-06
70.8,0.49293686112000207,-0.01739519359999793,-0.09810000000003687,3.0259276038140895e-05
70.9,0.49119734176000207,-0.027205193600001055,-0.09809999999994556,7.401225588135385e-05
71.0,0.4884768224000022,-0.03701519359999645,-0.09810000000005921,0.00013701245572452184
71.10000000000001,0.4847753030400022,-0.046825193600001806,-0.09810000000001208,0.00021925987556776504
71.2,0.4800927836800023,-0.056635193600002465,-0.09809999999990378,0.000320754515410976
71.3,0.4744292643200024,-0.06644519359999368,-0.09810000000010646,0.00044149637525406414
71.4,0.4677847449600024,-0.07625519360000375,-0.09809999999987587,0.0005814854550974054
71.5,0.4601592256000025,-0.08606519359999219,-0.09810000000013448,0.0007407217549404137
71.60000000000001,0.45155270624000254,-0.09587519360000508,-0.09810000000000654,0.0009192052747838456
71.7,0.4419651868800026,-0.10568519360000518,-0.09809999999983396,0.0011169360146270578
71.8,0.43139666752000266,-0.1154951935999894,-0.0981000000001764,0.0013339139744699034
71.9,0.41984714816000274,-0.12530519360000647,-0.09809999999980608,0.0015701391543135102
72.0,0.4073166288000028,-0.13511519359998794,-0.09810000000020416,0.0018256115541562222
72.1,0.39380510944000285,-0.1449251936000078,-0.09810000000001208,0.002100331173999974
72.2,0.3793125900800029,-0.15473519360000845,-0.09809999999975888,0.00239429801384321
72.29999999999998,0.3638390707200029,-0.16454519359998515,-0.0981000000002458,0.0027075120736856596
72.4,0.347384551360003,-0.1743551936000092,-0.0980999999997364,0.003039973353529669
72.5,0.3299490320000031,-0.18416519359998368,-0.09810000000027384,0.0033916818533719474
72.6,0.31153251264000315,-0.19397519360001048,-0.09810000000001208,0.0037626375732161543
72.7,0.2921349932800032,-0.20378519360001116,-0.09809999999969475,0.004152840513059403
72.79999999999998,0.27175647392000324,-0.21359519359998144,-0.09810000000031296,0.004562290672901355
72.9,0.25039695456000327,-0.2234051936000122,-0.09809999999966673,0.004990988052745894
73.0,0.2280564352000033,-0.2332151935999797,-0.09810000000034072,0.005438932652587602
73.1,0.20473491584000336,-0.24302519360001323,-0.09810000000001208,0.005906124472432391
73.2,0.18043239648000345,-0.2528351936000139,-0.09809999999962513,0.006392563512275651
73.29999999999998,0.15514887712000347,-0.26264519359997723,-0.09810000000038345,0.006898249772116952
73.4,0.1288843577600035,-0.272455193600015,-0.09809999999959568,0.007423183251962166
73.5,0.10163883840000355,-0.28226519359997543,-0.09810000000041288,0.00796736395180316
73.6,0.0734123190400036,-0.2920751936000161,-0.09810000000001097,0.00853079187164869
73.7,0.04420479968000365,-0.3018851936000167,1.617223903999779,0.009113467011491957
73.79999999999998,0.014016280320003693,-0.14016280320002497,3.7970895808005984,0.0019645611400888933
73.9,0.0,0.23954615488001327,-0.09810000000032316,0.00573823603177993
74.0,0.023954615487999965,0.2297361548799801,-0.09809999999968512,0.00527787008590382
74.1,0.046928230975999935,0.21992615488001213,-0.09810000000001208,0.004836751360030709
74.2,0.0689208464639999,0.2101161548800115,-0.09810000000028125,0.004414879854156099
74.29999999999998,0.08993246195199987,0.20030615487998252,-0.09809999999972761,0.004012255568280355
74.4,0.10996307743999982,0.19049615488001037,-0.09810000000025347,0.00362887850240689
74.5,0.12901269292799977,0.18068615487998413,-0.09809999999975536,0.0032647486565313614
74.6,0.14708130841599973,0.17087615488000915,-0.09810000000000932,0.002919866030657688
74.7,0.16416892390399968,0.1610661548800088,-0.09810000000021325,0.0025942306247830984
74.79999999999998,0.18027553939199964,0.15125615487998664,-0.09809999999979699,0.0022878424389078506
74.9,0.1954011548799996,0.1414461548800075,-0.09810000000018243,0.0020007014730339073
75.0,0.20954577036799957,0.13163615487998842,-0.09809999999982515,0.00173280772715883
75.1,0.22270938585599953,0.12182615488000646,-0.09810000000001208,0.0014841612012847323
75.2,0.23489200134399943,0.1120161548800058,-0.09810000000014343,0.0012547618954101448
75.29999999999998,0.2460936168319994,0.10220615487999062,-0.09809999999986416,0.001044609809535263
75.4,0.25631423231999934,0.09239615488000477,-0.09810000000011539,0.000853704943660983
75.5,0.2655538478079993,0.08258615487999238,-0.09809999999989481,0.000682047297786209
75.6,0.27381246329599923,0.07277615488000345,-0.09810000000000654,0.0005296368719118251
75.7,0.2810900787839992,0.06296615488000337,-0.09810000000007373,0.0003964736660372573
75.79999999999998,0.28738669427199914,0.05315615487999517,-0.09809999999993663,0.00028255768016260344
75.9,0.2927023097599991,0.04334615488000206,-0.09810000000004579,0.00018788891428811265
76.0,0.2970369252479991,0.033536154879996644,-0.09809999999996445,0.00011246736841351228
76.1,0.300390540735999,0.023726154880000756,-0.09810000000001212,5.6293042538978367e-05
76.2,0.30276315622399896,0.0139161548800001,-0.09809999999999847,1.9365936664415062e-05
76.29999999999998,0.3041547717119989,0.004106154879999418,-0.0981000000000063,1.6860507898543036e-06
76.4,0.30456538719999887,-0.0057038451200006526,-0.09809999999997612,3.2533849152955256e-06
76.5,0.30399500268799884,-0.0155138451199991,-0.09810000000003416,2.406793904073199e-05
76.6,0.3024436181759988,-0.02532384512000196,-0.09809999999994823,6.412971316618471e-05
76.7,0.29991123366399874,-0.03513384511999761,-0.09810000000006205,0.000123438707291598
76.80000000000001,0.2963978491519987,-0.044943845120003274,-0.0981000000000066,0.00020199492141708422
76.9,0.2919034646399986,-0.05475384512000337,-0.09809999999990633,0.0002997983555425317
77.0,0.2864280801279986,-0.06456384511999484,-0.09810000000010397,0.00041684900966786824
77.1,0.2799716956159985,-0.07437384512000467,-0.09809999999987853,0.0005531468837934442
77.2,0.2725343111039985,-0.08418384511999337,-0.0981000000001317,0.0007086919779187032
77.30000000000001,0.26411592659199845,-0.09399384512000598,-0.09810000000000932,0.0008834842920443673
77.4,0.2547165420799984,-0.10380384512000636,-0.09809999999983673,0.001077523826169827
77.5,0.24433615756799837,-0.11361384511999086,-0.09810000000017084,0.001290810580294927
77.6,0.23297477305599829,-0.1234238451200074,-0.09809999999980883,0.0015233445544207574
77.7,0.22063238854399825,-0.13323384511998912,-0.09810000000020137,0.0017751257485457248
77.80000000000001,0.2073090040319982,-0.1430438451200087,-0.09810000000000932,0.0020461541626717035
77.9,0.19300461951999812,-0.15285384512000907,-0.09809999999976694,0.002336429796797172
78.0,0.1777192350079981,-0.1626638451199866,-0.0981000000002433,0.0026459526509218993
78.1,0.16145285049599803,-0.17247384512001035,-0.0980999999997364,0.0029747227250481317
78.2,0.144205465983998,-0.18228384511998483,-0.09810000000027104,0.003322740019172662
78.30000000000001,0.12597708147199796,-0.1920938451200114,-0.09810000000001208,0.0036900045332990926
78.4,0.1067676969599979,-0.20190384512001203,-0.09809999999969617,0.00407651626742458
78.5,0.08657731244799785,-0.21171384511998248,-0.09810000000031155,0.004482275221548793
78.6,0.0654059279359978,-0.2215238451200131,-0.09809999999966867,0.004907281395675556
78.7,0.04325354342399775,-0.2313338451199808,0.3013225599999416,0.005351534789799528
78.80000000000001,0.02012015891199769,-0.2012015891199884,3.8430666521602106,0.004048207946440864
78.9,0.0,0.1831050760960108,-0.09810000000024297,0.00335274688921259
79.0,0.01831050760960004,0.17329507609598568,-0.09809999999976535,0.003003118339911347
79.1,0.035640015219200086,0.1634850760960097,-0.09810000000021657,0.0026727370106118084
79.2,0.05198852282880013,0.1536750760959872,-0.09809999999979144,0.002361602901310746
79.30000000000001,0.06735603043840016,0.14386507609600863,-0.09810000000001208,0.002069716012011035
79.4,0.08174253804800019,0.13405507609600795,-0.09810000000017342,0.0017970763427106484
79.5,0.09514804565760025,0.1242450760959898,-0.09809999999983418,0.0015436838934098295
79.6,0.10757255326720028,0.11443507609600692,-0.09810000000014692,0.0013095386641098895
79.7,0.11901606087680032,0.1046250760959914,-0.09809999999986208,0.0010946406548091993
79.80000000000001,0.12947856848640035,0.09481507609600576,-0.09810000000001208,0.0008989898655091364
79.9,0.1389600760960004,0.0850050760960051,-0.09810000000010224,0.0007225862962087618
80.0,0.1474605837056004,0.07519507609599405,-0.09809999999990525,0.0005654299469082336
80.1,0.15498009131520046,0.06538507609600408,-0.09810000000007718,0.00042752081760802444
80.2,0.16151859892480047,0.055575076095995525,-0.09809999999993037,0.0003088589083075693
80.30000000000001,0.16707610653440053,0.04576507609600305,-0.09810000000001208,0.00020944421900729497
80.4,0.17165261414400057,0.0359550760960024,-0.09810000000003538,0.00012927674970693236
80.5,0.1752481217536006,0.02614507609599802,-0.09809999999997215,6.835650040655271e-05
80.6,0.17786262936320063,0.016335076096001364,-0.09810000000000745,2.6683471106215516e-05
80.7,0.17949613697280067,0.0065250760959997805,-0.09810000000000285,4.257661805858774e-06
80.80000000000001,0.1801486445824007,-0.003284923903999946,-0.09810000000000932,1.0790725055070247e-06
80.9,0.17982015219200073,-0.013094923904000322,-0.09809999999996563,1.7147703205155903e-05
81.0,0.17851065980160075,-0.02290492390399772,-0.09810000000004465,5.246355390479262e-05
81.1,0.1762201674112008,-0.03271492390400163,-0.0980999999999349,0.00010702662460446173
81.2,0.17294867502080083,-0.04252492390399596,-0.0981000000000726,0.00018083691530406472
81.30000000000001,0.16869618263040087,-0.052334923904002656,-0.09810000000001208,0.0002738944260037749
81.4,0.1634626902400009,-0.062144923904003314,-0.09809999999989315,0.0003861991567034363
81.5,0.15724819784960092,-0.07195492390399347,-0.09810000000011437,0.000517751107402949
81.6,0.15005270545920096,-0.08176492390400433,-0.0980999999998652,0.000668550278102762
81.7,0.141876213068801,-0.09157492390399169,-0.09810000000014225,0.0008385966688021869
81.80000000000001,0.13271872067840104,-0.10138492390400536,-0.09810000000001208,0.0010278902795020958
81.9,0.12258022828800108,-0.11119492390400602,-0.09809999999982497,0.0012364311102017692
82.0,0.1114607358976011,-0.12100492390398936,-0.09810000000018264,0.0014642191609010255
82.1,0.09936024350720113,-0.13081492390400706,-0.09809999999979695,0.001711254431601116
82.2,0.08627875111680118,-0.1406249239039876,-0.09810000000021192,0.0019775369223002303
82.30000000000001,0.07221625872640122,-0.15043492390400823,-0.0981000000000107,0.0022630666330004747
82.4,0.05717276633600125,-0.16024492390400874,-0.09809999999975613,0.0025678435637001553
82.5,0.04114827394560129,-0.1700549239039852,-0.09810000000025272,0.0028918677143990193
82.6,0.02414278155520132,-0.1798649239040099,1.1830203225599154,0.003235139085099528
82.7,0.006156289164801352,-0.061562891648008274,2.034928307712277,0.0003789989628064407
82.80000000000001,0.0,0.14192993912320784,-0.09810000000001126,0.0020144107619517486
82.9,0.014192993912319976,0.13211993912320727,-0.09810000000017134,0.0017455678313919997
83.0,0.027404987824639952,0.12230993912318928,-0.09809999999983764,0.0014959721208318271
83.1,0.03963598173695992,0.11249993912320608,-0.09810000000014275,0.0012656236302725074
83.2,0.05088597564927989,0.10268993912319097,-0.09809999999986484,0.0010545223597124666
83.30000000000001,0.06115496956159987,0.09287993912320504,-0.09810000000001208,0.0008626683091530274
83.4,0.07044296347391985,0.0830699391232044,-0.09810000000010083,0.0006900614785932885
83.5,0.07874995738623981,0.0732599391231935,-0.09809999999990662,0.0005367018680334017
83.6,0.08607595129855977,0.06344993912320337,-0.09810000000007299,0.0004025894774738214
83.7,0.09242094521087976,0.05363993912319524,-0.0980999999999359,0.0002877243069140092
83.80000000000001,0.09778493912319974,0.0438299391232022,-0.0981000000000107,0.00019210635635436108
83.9,0.10216793303551971,0.03401993912320169,-0.0981000000000312,0.0001157356257946349
84.0,0.10556992694783968,0.024209939123197733,-0.09809999999997769,5.861211523489402e-05
84.1,0.10799092086015966,0.01439993912320052,-0.09810000000000332,2.0735824675188097e-05
84.2,0.10943091477247964,0.004589939123199352,-0.0981000000000042,2.1067541154676037e-06
84.30000000000001,0.1098899086847996,-0.005220060876800511,-0.09810000000001212,2.724903555750332e-06
84.4,0.1093679025971196,-0.015030060876801164,-0.09809999999996147,2.2590272996034902e-05
84.5,0.10786489650943956,-0.024840060876798152,-0.09810000000004601,6.170286243630382e-05
84.6,0.10538089042175952,-0.0346500608768022,-0.098099999999935,0.00012006267187660984
84.7,0.10191588433407953,-0.04446006087679653,-0.09810000000007393,0.00019766970131684534
84.80000000000001,0.0974698782463995,-0.05427006087680337,-0.09810000000001064,0.00029452395075719437
84.9,0.09204287215871944,-0.06408006087680387,-0.09809999999989324,0.000410625420197489
85.0,0.08563486607103943,-0.07389006087679403,-0.09810000000011576,0.0005459741096376329
85.1,0.0782458599833594,-0.08370006087680505,-0.09809999999986381,0.0007005700190780872
85.2,0.06987585389567937,-0.09351006087679227,-0.09810000000014435,0.0008744131485181396
85.30000000000001,0.06052484780799934,-0.10332006087680615,-0.0981000000000107,0.001067503497958693
85.4,0.05019284172031931,-0.11313006087680665,-0.09809999999982288,0.001279841067398998
85.5,0.03887983563263929,-0.12294006087678978,-0.09810000000018598,0.001511425856838878
85.6,0.026585829544959264,-0.13275006087680782,-0.0035817369597315463,0.0017622578662796183
85.7,0.013310823457279235,-0.133108234572781,2.3734628327424065,0.0017717802111082495
85.80000000000001,0.0,0.10423804870144616,-0.09810000000001097,0.0010865570797085062
85.9,0.010423804870144023,0.0944280487014456,-0.09810000000011763,0.0008916656381562582
86.0,0.019866609740288046,0.08461804870143301,-0.09809999999989052,0.0007160214166038089
86.1,0.02832841461043207,0.07480804870144452,-0.09810000000008974,0.0005596244150517695
86.2,0.035809219480576096,0.0649980487014347,-0.09809999999991913,0.00042247463349940777
86.30000000000001,0.04230902435072012,0.05518804870144335,-0.0981000000000107,0.0003045720719472883
86.4,0.04782782922086414,0.04537804870144284,-0.09810000000004804,0.00020591673039505184
86.5,0.05236563409100817,0.0355680487014372,-0.09809999999996089,0.00012650860884278085
86.6,0.05592243896115219,0.025758048701441667,-0.09810000000001945,6.634770729058407e-05
86.7,0.05849824383129621,0.015948048701438886,-0.09809999999998877,2.5434025738346652e-05
86.80000000000001,0.06009304870144024,0.006138048701440567,-0.09810000000001072,3.767564186125623e-06
86.9,0.06070685357158426,-0.003671951298559948,-0.09809999999997833,1.348322633899609e-06
87.0,0.06033965844172828,-0.013481951298558616,-0.0981000000000306,1.8176301081670636e-05
87.1,0.058991463311872314,-0.02329195129856112,-0.09809999999994973,5.42514995294543e-05
87.2,0.05666226818201633,-0.03310195129855693,-0.09810000000005853,0.00010957391797720346
87.30000000000001,0.05335207305216035,-0.04291195129856223,-0.09810000000001139,0.00018414355642501766
87.4,0.04906087792230437,-0.0527219512985628,-0.09809999999990794,0.0002779604148728028
87.5,0.0437886827924484,-0.06253195129855443,-0.09810000000010019,0.0003910244933204784
87.6,0.03753548766259242,-0.07234195129856388,-0.09809999999988003,0.0005233357917683788
87.7,0.03030129253273644,-0.08215195129855274,-0.09810000000012797,0.0006748943102159781
87.80000000000001,0.022086097402880464,-0.09196195129856496,-0.09810000000001126,0.0008457000486639635
87.9,0.012889902273024488,-0.10177195129856555,0.7464487986687638,0.00103575300711176
88.0,0.002712707143168512,-0.027127071431682803,1.0658263247054118,7.358780044596213e-05
88.1,0.0,0.07945556103885233,-0.09810000000009599,0.0006313186179998789
88.2,0.007945556103884782,0.0696455610388419,-0.09809999999991216,0.00048505041724150523
88.30000000000001,0.014910112207769563,0.05983556103885124,-0.09810000000001104,0.00035802943648340925
88.4,0.02089366831165435,0.05002556103885069,-0.09810000000005427,0.0002502556757251776
88.5,0.025896224415539133,0.04021556103884442,-0.09809999999995427,0.00016172913496690213
88.6,0.02991778051942392,0.030405561038849557,-0.09810000000002672,9.244981420872061e-05
88.7,0.0329583366233087,0.02059556103884604,-0.0980999999999815,4.24177134504833e-05
88.80000000000001,0.03501789272719348,0.010785561038848451,-0.09810000000001139,1.163283269227257e-05
88.9,0.03609644883107826,0.0009755610388478689,-0.09809999999998424,9.517193405179332e-08
89.0,0.036194004934963046,-0.008834438961151391,-0.09810000000002399,7.804731175830968e-06
89.1,0.03531056103884783,-0.01864443896115323,-0.09809999999995705,3.476151041761685e-05
89.2,0.033446117142732615,-0.02845443896114977,-0.09810000000005145,8.096550965937981e-05
89.30000000000001,0.030600673246617395,-0.03826443896115436,-0.09810000000001112,0.0001464167289011908
89.4,0.026774229350502173,-0.04807443896115492,-0.09809999999991488,0.00023111516814298098
89.5,0.02196678545438696,-0.05788443896114724,-0.09810000000009357,0.0003350608273846781
89.6,0.01617834155827174,-0.06769443896115604,-0.09809999999988697,0.00045825370662656807
89.7,0.00940889766215652,-0.07750443896114557,0.6091990130073506,0.000600693805868194
89.80000000000001,0.001658453766041304,-0.016584537660413984,0.7662608882934349,2.7504688940968977e-05
89.9,0.0,0.06004155116892516,-0.0981000000000685,0.00036049878667706583
90.0,0.0060041551168921745,0.05023155116891746,-0.0980999999999398,0.00025232087328355733
90.1,0.011027310233784348,0.04042155116892405,-0.0981000000000408,0.00016339017989019453
90.2,0.015069465350676523,0.03061155116891913,-0.09809999999996775,9.370670649673541e-05
90.3,0.018130620467568696,0.020801551168922915,-0.09810000000001107,4.327045310333183e-05
90.4,0.020210775584460872,0.010991551168922364,-0.0980999999999988,1.208141970990386e-05
90.5,0.021309930701353046,0.0011815511689216467,-0.0981000000000094,1.39606316478011e-07
90.6,0.02142808581824522,-0.008628448831078734,-0.0980999999999713,7.4450129230543976e-06
90.7,0.0205652409351374,-0.0184384488310767,-0.09810000000003728,3.399763952962337e-05
90.8,0.01872139605202957,-0.02824844883107987,-0.09810000000001107,7.979748613621377e-05
90.9,0.015896551168921743,-0.038058448831080414,-0.09809999999992924,0.0001448445527427966
91.0,0.012090706285813916,-0.047868448831074176,-0.0981000000000792,0.00022913883934931665
91.1,0.00730386140270609,-0.05767844883108154,0.4231828363509661,0.00033268034595596913
91.2,0.001536016519598264,-0.01536016519598133,0.5954092426084984,2.359346748478362e-05
91.3,0.0,0.04418075906486513,-0.09810000000001126,0.0001951939471547662
91.4,0.0044180759064862615,0.03437075906486456,-0.09810000000003204,0.00011813490786949694
91.5,0.007855151812972522,0.02456075906486052,-0.09809999999997633,6.0323088584212826e-05
91.6,0.010311227719458783,0.01475075906486344,-0.09810000000000416,2.1758489298965095e-05
91.7,0.011786303625945044,0.00494075906486219,-0.0981000000000042,2.44111001370179e-06
91.8,0.012280379532431303,-0.004869240935137675,-0.09810000000001107,2.3709507284420426e-06
91.9,0.011793455438917563,-0.014679240935138223,-0.0980999999999625,2.154801144318377e-05
92.0,0.010325531345403824,-0.024489240935135312,-0.09810000000004589,5.997229215791071e-05
92.1,0.007876607251890086,-0.03429924093513934,-0.09809999999993457,0.00011764379287267383
92.2,0.004446683158376347,-0.04410924093513364,0.43751650286510047,0.0001945625135873669
92.3,3.57590648626064e-05,-0.0003575906486260843,0.3368298339673981,1.2787107198482368e-08
92.4,0.0,0.03332539274811182,-0.09810000000003062,0.00011105818018159038
92.5,0.0033325392748109924,0.02351539274810792,-0.09809999999997776,5.5297369609776646e-05
92.6,0.005684078549621985,0.0137053927481107,-0.09810000000000275,1.878377903799654e-05
92.7,0.007054617824432977,0.003895392748109588,-0.09810000000000563,1.5174084662024767e-06
92.8,0.007444157099243968,-0.005914607251890417,-0.09810000000001116,3.4982578944114716e-06
92.9,0.006852696374054961,-0.015724607251890975,-0.098099999999961,2.4726327322622227e-05
93.0,0.005280235648865953,-0.02553460725188791,-0.01733141984883177,6.520161675081667e-05
93.1,0.002726774923676944,-0.02726774923677099,0.45733435038277587,7.435301484394249e-05
93.2,0.0,0.01846568580151049,-0.09809999999998492,3.409815521201061e-05
93.3,0.0018465685801512064,0.008655685801512557,-0.09810000000001112,7.492089669450609e-06
93.4,0.0027121371603024127,-0.0011543141984879993,-0.09809999999998167,1.3324412688309922e-07
93.5,0.00259670574045362,-0.010964314198487002,-0.04038429007562341,1.2021618584314369e-05
93.6,0.001500274320604826,-0.015002743206049114,0.21812194564837023,2.2508230370665288e-05
93.7,0.0,0.006809451358789768,-0.09810000000000148,4.636862780772382e-06
93.8,0.0006809451358790349,-0.0030005486412098222,-0.008083540763711362,9.003292148266112e-07
93.9,0.00038089027175806965,-0.003808902717580913,0.04247341630548234,1.4507739911995264e-06
94.0,0.0,0.0004384389129676842,-0.008768778259354806,1.9222868040428456e-08
94.1,4.384389129677216e-05,-0.00043843891296774647,0.00438438912967709,1.922286804043392e-08
94.2,0.0,0.0,0.0,0.0
94.3,0.0,0.0,0.0,0.0
94.4,0.0,0.0,0.0,0.0
94.5,0.0,0.0,0.0,0.0
94.6,0.0,0.0,0.0,0.0
94.7,0.0,0.0,0.0,0.0
94.8,0.0,0.0,0.0,0.0
94.9,0.0,0.0,0.0,0.0
95.0,0.0,0.0,0.0,0.0
95.1,0.0,0.0,0.0,0.0
95.2,0.0,0.0,0.0,0.0
95.3,0.0,0.0,0.0,0.0
95.4,0.0,0.0,0.0,0.0
95.5,0.0,0.0,0.0,0.0
95.6,0.0,0.0,0.0,0.0
95.7,0.0,0.0,0.0,0.0
95.8,0.0,0.0,0.0,0.0
95.9,0.0,0.0,0.0,0.0
96.0,0.0,0.0,0.0,0.0
96.1,0.0,0.0,0.0,0.0
96.2,0.0,0.0,0.0,0.0
96.3,0.0,0.0,0.0,0.0
96.4,0.0,0.0,0.0,0.0
96.5,0.0,0.0,0.0,0.0
96.6,0.0,0.0,0.0,0.0
96.7,0.0,0.0,0.0,0.0
96.8,0.0,0.0,0.0,0.0
96.9,0.0,0.0,0.0,0.0
97.0,0.0,0.0,0.0,0.0
97.1,0.0,0.0,0.0,0.0
97.2,0.0,0.0,0.0,0.0
97.3,0.0,0.0,0.0,0.0
97.4,0.0,0.0,0.0,0.0
97.5,0.0,0.0,0.0,0.0
97.6,0.0,0.0,0.0,0.0
97.7,0.0,0.0,0.0,0.0
97.8,0.0,0.0,0.0,0.0
97.9,0.0,0.0,0.0,0.0
98.0,0.0,0.0,0.0,0.0
98.1,0.0,0.0,0.0,0.0
98.2,0.0,0.0,0.0,0.0
98.3,0.0,0.0,0.0,0.0
98.4,0.0,0.0,0.0,0.0
98.5,0.0,0.0,0.0,0.0
98.6,0.0,0.0,0.0,0.0
98.7,0.0,0.0,0.0,0.0
98.8,0.0,0.0,0.0,0.0
98.9,0.0,0.0,0.0,0.0
99.0,0.0,0.0,0.0,0.0
99.1,0.0,0.0,0.0,0.0
99.2,0.0,0.0,0.0,0.0
99.3,0.0,0.0,0.0,0.0
99.4,0.0,0.0,0.0,0.0
99.5,0.0,0.0,0.0,0.0
99.6,0.0,0.0,0.0,0.0
99.7,0.0,0.0,0.0,0.0
